X,y
1,1
10,10
11,11
12,12
13,13
14,14
15,15
17,17
18,18
30,30
31,31
33,33
36,36
52,52
54,54
55,55
56,56
57,57
59,59
70,70
71,71
78,78
79,79
90,90
93,93
94,94
95,95
96,96
99,99
101,101
102,102
104,104
105,105
107,107
108,108
110,110
113,113
114,114
115,115
116,116
117,117
121,121
123,123
125,125
127,127
130,130
131,131
132,132
133,133
134,134
135,135
138,138
139,139
140,140
141,141
144,144
145,145
146,146
148,148
149,149
150,150
151,151
156,156
157,157
158,158
161,161
162,162
163,163
166,166
169,169
170,170
171,171
172,172
175,175
177,177
178,178
179,179
180,180
183,183
185,185
186,186
188,188
190,190
191,191
196,196
197,197
301,301
303,303
306,306
307,307
308,308
310,310
311,311
312,312
313,313
317,317
319,319
320,320
321,321
324,324
326,326
327,327
328,328
329,329
330,330
332,332
333,333
335,335
336,336
337,337
338,338
339,339
342,342
343,343
345,345
346,346
347,347
352,352
354,354
355,355
357,357
361,361
363,363
364,364
366,366
367,367
369,369
370,370
371,371
372,372
374,374
375,375
377,377
379,379
381,381
382,382
383,383
388,388
389,389
390,390
391,391
392,392
394,394
395,395
397,397
398,398
500,500
501,501
502,502
504,504
506,506
508,508
511,511
512,512
513,513
515,515
516,516
517,517
519,519
520,520
521,521
522,522
524,524
525,525
527,527
528,528
531,531
534,534
537,537
538,538
540,540
541,541
542,542
543,543
545,545
546,546
548,548
549,549
550,550
553,553
554,554
555,555
556,556
557,557
558,558
559,559
561,561
562,562
563,563
565,565
566,566
567,567
569,569
570,570
571,571
572,572
574,574
575,575
576,576
577,577
578,578
579,579
580,580
582,582
585,585
587,587
588,588
589,589
591,591
592,592
593,593
594,594
595,595
596,596
599,599
700,700
704,704
705,705
708,708
710,710
712,712
713,713
714,714
715,715
716,716
717,717
718,718
720,720
721,721
722,722
725,725
730,730
734,734
735,735
737,737
739,739
740,740
742,742
743,743
745,745
746,746
749,749
750,750
752,752
754,754
755,755
758,758
759,759
761,761
763,763
764,764
766,766
767,767
768,768
770,770
772,772
774,774
779,779
780,780
781,781
785,785
787,787
790,790
791,791
792,792
793,793
794,794
795,795
796,796
900,900
901,901
902,902
903,903
905,905
906,906
907,907
908,908
909,909
910,910
911,911
913,913
914,914
915,915
916,916
917,917
919,919
920,920
922,922
923,923
924,924
927,927
928,928
929,929
931,931
933,933
935,935
937,937
942,942
943,943
946,946
949,949
952,952
953,953
954,954
960,960
961,961
964,964
965,965
966,966
969,969
971,971
972,972
973,973
974,974
976,976
977,977
978,978
980,980
981,981
982,982
983,983
987,987
988,988
989,989
991,991
992,992
993,993
994,994
995,995
996,996
997,997
998,998
1000,1000
1002,1002
1004,1004
1006,1006
1010,1010
1011,1011
1012,1012
1013,1013
1014,1014
1015,1015
1016,1016
1018,1018
1019,1019
1020,1020
1021,1021
1022,1022
1023,1023
1024,1024
1027,1027
1029,1029
1030,1030
1032,1032
1034,1034
1038,1038
1039,1039
1040,1040
1041,1041
1042,1042
1044,1044
1045,1045
1048,1048
1049,1049
1050,1050
1052,1052
1054,1054
1055,1055
1057,1057
1058,1058
1060,1060
1062,1062
1067,1067
1068,1068
1069,1069
1071,1071
1072,1072
1074,1074
1080,1080
1081,1081
1083,1083
1085,1085
1088,1088
1089,1089
1090,1090
1091,1091
1094,1094
1096,1096
1097,1097
1098,1098
1099,1099
1101,1101
1102,1102
1105,1105
1106,1106
1109,1109
1110,1110
1111,1111
1113,1113
1115,1115
1116,1116
1117,1117
1118,1118
1119,1119
1121,1121
1123,1123
1124,1124
1126,1126
1127,1127
1128,1128
1132,1132
1133,1133
1134,1134
1138,1138
1140,1140
1142,1142
1144,1144
1145,1145
1148,1148
1150,1150
1151,1151
1152,1152
1153,1153
1155,1155
1156,1156
1157,1157
1159,1159
1160,1160
1161,1161
1162,1162
1163,1163
1167,1167
1169,1169
1170,1170
1173,1173
1174,1174
1175,1175
1177,1177
1178,1178
1181,1181
1183,1183
1184,1184
1186,1186
1187,1187
1188,1188
1189,1189
1190,1190
1191,1191
1196,1196
1197,1197
1198,1198
1200,1200
1203,1203
1205,1205
1207,1207
1209,1209
1210,1210
1211,1211
1213,1213
1214,1214
1215,1215
1216,1216
1217,1217
1218,1218
1219,1219
1222,1222
1223,1223
1224,1224
1227,1227
1231,1231
1232,1232
1234,1234
1236,1236
1237,1237
1238,1238
1239,1239
1241,1241
1242,1242
1243,1243
1245,1245
1246,1246
1248,1248
1249,1249
1250,1250
1252,1252
1254,1254
1256,1256
1257,1257
1258,1258
1260,1260
1261,1261
1262,1262
1263,1263
1264,1264
1265,1265
1266,1266
1269,1269
1270,1270
1271,1271
1273,1273
1275,1275
1276,1276
1277,1277
1280,1280
1283,1283
1285,1285
1286,1286
1287,1287
1288,1288
1289,1289
1291,1291
1292,1292
1294,1294
1295,1295
1296,1296
1298,1298
1299,1299
1301,1301
1302,1302
1304,1304
1305,1305
1306,1306
1307,1307
1309,1309
1310,1310
1311,1311
1312,1312
1313,1313
1314,1314
1315,1315
1317,1317
1318,1318
1319,1319
1321,1321
1322,1322
1323,1323
1324,1324
1325,1325
1328,1328
1329,1329
1332,1332
1333,1333
1335,1335
1337,1337
1338,1338
1339,1339
1343,1343
1345,1345
1348,1348
1352,1352
1354,1354
1359,1359
1360,1360
1361,1361
1362,1362
1363,1363
1365,1365
1366,1366
1367,1367
1369,1369
1370,1370
1373,1373
1376,1376
1377,1377
1378,1378
1379,1379
1380,1380
1382,1382
1384,1384
1385,1385
1386,1386
1387,1387
1388,1388
1390,1390
1391,1391
1392,1392
1395,1395
1399,1399
1400,1400
1401,1401
1404,1404
1405,1405
1407,1407
1411,1411
1412,1412
1413,1413
1414,1414
1415,1415
1416,1416
1417,1417
1420,1420
1421,1421
1423,1423
1426,1426
1427,1427
1428,1428
1430,1430
1433,1433
1434,1434
1435,1435
1438,1438
1439,1439
1440,1440
1441,1441
1444,1444
1448,1448
1449,1449
1451,1451
1455,1455
1456,1456
1457,1457
1459,1459
1463,1463
1466,1466
1469,1469
1470,1470
1471,1471
1472,1472
1476,1476
1478,1478
1480,1480
1481,1481
1482,1482
1484,1484
1489,1489
1490,1490
1493,1493
1494,1494
1496,1496
1497,1497
1498,1498
1500,1500
1502,1502
1505,1505
1506,1506
1507,1507
1510,1510
1511,1511
1512,1512
1513,1513
1518,1518
1519,1519
1520,1520
1521,1521
1522,1522
1523,1523
1526,1526
1527,1527
1528,1528
1530,1530
1531,1531
1532,1532
1533,1533
1536,1536
1537,1537
1539,1539
1544,1544
1547,1547
1549,1549
1550,1550
1551,1551
1553,1553
1554,1554
1555,1555
1558,1558
1560,1560
1561,1561
1564,1564
1565,1565
1566,1566
1567,1567
1568,1568
1569,1569
1570,1570
1572,1572
1573,1573
1574,1574
1575,1575
1576,1576
1578,1578
1579,1579
1580,1580
1581,1581
1582,1582
1584,1584
1585,1585
1587,1587
1588,1588
1589,1589
1592,1592
1594,1594
1595,1595
1598,1598
1599,1599
1600,1600
1601,1601
1602,1602
1603,1603
1604,1604
1605,1605
1606,1606
1609,1609
1610,1610
1611,1611
1614,1614
1615,1615
1616,1616
1617,1617
1619,1619
1623,1623
1626,1626
1627,1627
1628,1628
1630,1630
1632,1632
1634,1634
1635,1635
1636,1636
1637,1637
1641,1641
1642,1642
1643,1643
1644,1644
1645,1645
1648,1648
1649,1649
1650,1650
1651,1651
1652,1652
1653,1653
1654,1654
1655,1655
1656,1656
1657,1657
1658,1658
1659,1659
1662,1662
1663,1663
1664,1664
1667,1667
1669,1669
1670,1670
1671,1671
1672,1672
1673,1673
1674,1674
1675,1675
1677,1677
1678,1678
1679,1679
1680,1680
1681,1681
1682,1682
1683,1683
1685,1685
1686,1686
1695,1695
1698,1698
1701,1701
1703,1703
1704,1704
1705,1705
1707,1707
1710,1710
1713,1713
1714,1714
1716,1716
1717,1717
1719,1719
1724,1724
1725,1725
1726,1726
1727,1727
1728,1728
1729,1729
1731,1731
1732,1732
1733,1733
1735,1735
1736,1736
1737,1737
1738,1738
1739,1739
1740,1740
1741,1741
1742,1742
1743,1743
1744,1744
1746,1746
1748,1748
1753,1753
1754,1754
1755,1755
1757,1757
1759,1759
1760,1760
1762,1762
1766,1766
1768,1768
1771,1771
1772,1772
1773,1773
1775,1775
1777,1777
1779,1779
1780,1780
1781,1781
1782,1782
1783,1783
1785,1785
1787,1787
1788,1788
1791,1791
1794,1794
1796,1796
1799,1799
1801,1801
1802,1802
1803,1803
1806,1806
1807,1807
1808,1808
1809,1809
1810,1810
1811,1811
1812,1812
1813,1813
1814,1814
1815,1815
1818,1818
1819,1819
1820,1820
1822,1822
1823,1823
1824,1824
1825,1825
1826,1826
1827,1827
1832,1832
1836,1836
1837,1837
1839,1839
1841,1841
1846,1846
1848,1848
1850,1850
1851,1851
1852,1852
1853,1853
1854,1854
1856,1856
1857,1857
1858,1858
1859,1859
1860,1860
1863,1863
1865,1865
1866,1866
1867,1867
1868,1868
1869,1869
1871,1871
1872,1872
1873,1873
1875,1875
1876,1876
1877,1877
1878,1878
1879,1879
1880,1880
1881,1881
1882,1882
1886,1886
1887,1887
1893,1893
1894,1894
1896,1896
1897,1897
1898,1898
1900,1900
1901,1901
1904,1904
1905,1905
1907,1907
1909,1909
1910,1910
1911,1911
1912,1912
1913,1913
1914,1914
1916,1916
1918,1918
1919,1919
1920,1920
1921,1921
1923,1923
1925,1925
1928,1928
1929,1929
1930,1930
1933,1933
1934,1934
1935,1935
1938,1938
1939,1939
1941,1941
1942,1942
1943,1943
1944,1944
1946,1946
1947,1947
1948,1948
1949,1949
1950,1950
1951,1951
1953,1953
1954,1954
1955,1955
1957,1957
1960,1960
1962,1962
1963,1963
1964,1964
1965,1965
1968,1968
1972,1972
1974,1974
1976,1976
1979,1979
1980,1980
1981,1981
1982,1982
1985,1985
1986,1986
1987,1987
1989,1989
1990,1990
1991,1991
1995,1995
1996,1996
1999,1999
3000,3000
3002,3002
3003,3003
3004,3004
3006,3006
3007,3007
3008,3008
3009,3009
3010,3010
3011,3011
3013,3013
3014,3014
3015,3015
3018,3018
3019,3019
3021,3021
3022,3022
3023,3023
3025,3025
3026,3026
3029,3029
3031,3031
3033,3033
3035,3035
3037,3037
3038,3038
3040,3040
3041,3041
3042,3042
3043,3043
3045,3045
3046,3046
3050,3050
3051,3051
3058,3058
3061,3061
3062,3062
3065,3065
3066,3066
3067,3067
3071,3071
3072,3072
3073,3073
3075,3075
3076,3076
3079,3079
3080,3080
3082,3082
3083,3083
3087,3087
3088,3088
3089,3089
3090,3090
3092,3092
3095,3095
3096,3096
3099,3099
3100,3100
3101,3101
3102,3102
3106,3106
3110,3110
3111,3111
3113,3113
3114,3114
3115,3115
3118,3118
3119,3119
3123,3123
3125,3125
3128,3128
3129,3129
3130,3130
3131,3131
3133,3133
3135,3135
3140,3140
3141,3141
3142,3142
3143,3143
3145,3145
3146,3146
3147,3147
3150,3150
3152,3152
3154,3154
3155,3155
3158,3158
3159,3159
3160,3160
3166,3166
3167,3167
3168,3168
3169,3169
3171,3171
3172,3172
3173,3173
3174,3174
3175,3175
3177,3177
3179,3179
3180,3180
3182,3182
3183,3183
3185,3185
3187,3187
3189,3189
3191,3191
3192,3192
3193,3193
3196,3196
3197,3197
3198,3198
3200,3200
3201,3201
3202,3202
3205,3205
3206,3206
3207,3207
3208,3208
3212,3212
3214,3214
3220,3220
3222,3222
3223,3223
3226,3226
3228,3228
3229,3229
3232,3232
3233,3233
3235,3235
3236,3236
3238,3238
3239,3239
3242,3242
3244,3244
3246,3246
3249,3249
3250,3250
3254,3254
3257,3257
3258,3258
3260,3260
3261,3261
3263,3263
3264,3264
3265,3265
3266,3266
3267,3267
3268,3268
3269,3269
3270,3270
3271,3271
3272,3272
3273,3273
3274,3274
3275,3275
3276,3276
3277,3277
3280,3280
3281,3281
3282,3282
3283,3283
3284,3284
3285,3285
3286,3286
3287,3287
3288,3288
3289,3289
3290,3290
3291,3291
3292,3292
3298,3298
3300,3300
3302,3302
3303,3303
3304,3304
3305,3305
3306,3306
3307,3307
3310,3310
3311,3311
3312,3312
3314,3314
3316,3316
3317,3317
3318,3318
3319,3319
3321,3321
3322,3322
3323,3323
3325,3325
3326,3326
3327,3327
3330,3330
3334,3334
3335,3335
3336,3336
3337,3337
3338,3338
3339,3339
3341,3341
3342,3342
3343,3343
3346,3346
3350,3350
3352,3352
3353,3353
3355,3355
3356,3356
3357,3357
3359,3359
3361,3361
3362,3362
3363,3363
3367,3367
3369,3369
3370,3370
3372,3372
3374,3374
3375,3375
3376,3376
3377,3377
3378,3378
3379,3379
3380,3380
3381,3381
3382,3382
3385,3385
3386,3386
3389,3389
3390,3390
3391,3391
3393,3393
3394,3394
3395,3395
3398,3398
3399,3399
3400,3400
3401,3401
3402,3402
3404,3404
3405,3405
3406,3406
3407,3407
3410,3410
3411,3411
3412,3412
3414,3414
3415,3415
3417,3417
3418,3418
3421,3421
3422,3422
3424,3424
3425,3425
3426,3426
3428,3428
3431,3431
3432,3432
3434,3434
3435,3435
3438,3438
3440,3440
3441,3441
3442,3442
3444,3444
3445,3445
3448,3448
3449,3449
3452,3452
3453,3453
3455,3455
3456,3456
3457,3457
3458,3458
3461,3461
3462,3462
3464,3464
3465,3465
3466,3466
3467,3467
3468,3468
3469,3469
3471,3471
3472,3472
3474,3474
3476,3476
3478,3478
3482,3482
3483,3483
3484,3484
3485,3485
3487,3487
3489,3489
3491,3491
3492,3492
3493,3493
3494,3494
3496,3496
3499,3499
3500,3500
3503,3503
3505,3505
3506,3506
3507,3507
3509,3509
3510,3510
3512,3512
3513,3513
3514,3514
3515,3515
3519,3519
3520,3520
3522,3522
3524,3524
3525,3525
3528,3528
3529,3529
3530,3530
3531,3531
3535,3535
3536,3536
3538,3538
3540,3540
3541,3541
3545,3545
3546,3546
3547,3547
3548,3548
3551,3551
3552,3552
3553,3553
3557,3557
3558,3558
3559,3559
3560,3560
3561,3561
3562,3562
3563,3563
3564,3564
3566,3566
3569,3569
3571,3571
3572,3572
3574,3574
3575,3575
3576,3576
3581,3581
3583,3583
3584,3584
3585,3585
3587,3587
3588,3588
3590,3590
3593,3593
3595,3595
3599,3599
3600,3600
3601,3601
3604,3604
3605,3605
3606,3606
3607,3607
3609,3609
3610,3610
3611,3611
3612,3612
3617,3617
3621,3621
3625,3625
3626,3626
3627,3627
3628,3628
3629,3629
3630,3630
3632,3632
3633,3633
3634,3634
3635,3635
3636,3636
3637,3637
3638,3638
3639,3639
3640,3640
3641,3641
3644,3644
3645,3645
3646,3646
3647,3647
3648,3648
3649,3649
3650,3650
3653,3653
3654,3654
3655,3655
3656,3656
3657,3657
3658,3658
3660,3660
3661,3661
3662,3662
3663,3663
3664,3664
3666,3666
3668,3668
3669,3669
3670,3670
3672,3672
3674,3674
3675,3675
3678,3678
3680,3680
3682,3682
3683,3683
3684,3684
3685,3685
3688,3688
3689,3689
3690,3690
3691,3691
3693,3693
3694,3694
3697,3697
3699,3699
3700,3700
3701,3701
3702,3702
3703,3703
3704,3704
3707,3707
3710,3710
3711,3711
3712,3712
3713,3713
3714,3714
3716,3716
3718,3718
3719,3719
3720,3720
3721,3721
3722,3722
3723,3723
3724,3724
3725,3725
3726,3726
3727,3727
3729,3729
3731,3731
3735,3735
3736,3736
3737,3737
3739,3739
3740,3740
3741,3741
3742,3742
3745,3745
3746,3746
3747,3747
3750,3750
3752,3752
3753,3753
3754,3754
3757,3757
3761,3761
3763,3763
3766,3766
3767,3767
3769,3769
3770,3770
3774,3774
3775,3775
3777,3777
3778,3778
3779,3779
3780,3780
3781,3781
3783,3783
3784,3784
3785,3785
3787,3787
3788,3788
3791,3791
3792,3792
3796,3796
3797,3797
3798,3798
3801,3801
3803,3803
3806,3806
3808,3808
3810,3810
3813,3813
3814,3814
3815,3815
3816,3816
3817,3817
3818,3818
3819,3819
3822,3822
3823,3823
3824,3824
3825,3825
3827,3827
3828,3828
3833,3833
3834,3834
3839,3839
3840,3840
3841,3841
3842,3842
3843,3843
3848,3848
3849,3849
3850,3850
3851,3851
3856,3856
3857,3857
3858,3858
3859,3859
3860,3860
3863,3863
3864,3864
3868,3868
3869,3869
3870,3870
3871,3871
3873,3873
3874,3874
3875,3875
3877,3877
3879,3879
3880,3880
3882,3882
3883,3883
3885,3885
3887,3887
3888,3888
3890,3890
3891,3891
3895,3895
3897,3897
3900,3900
3901,3901
3902,3902
3903,3903
3905,3905
3906,3906
3907,3907
3908,3908
3909,3909
3910,3910
3911,3911
3913,3913
3915,3915
3916,3916
3918,3918
3921,3921
3922,3922
3923,3923
3924,3924
3925,3925
3926,3926
3927,3927
3928,3928
3929,3929
3930,3930
3934,3934
3936,3936
3938,3938
3940,3940
3941,3941
3943,3943
3944,3944
3945,3945
3946,3946
3947,3947
3949,3949
3950,3950
3951,3951
3954,3954
3956,3956
3959,3959
3961,3961
3963,3963
3964,3964
3965,3965
3967,3967
3968,3968
3971,3971
3972,3972
3973,3973
3974,3974
3975,3975
3979,3979
3983,3983
3988,3988
3990,3990
3991,3991
3993,3993
3994,3994
3995,3995
3997,3997
3998,3998
3999,3999
5000,5000
5001,5001
5002,5002
5003,5003
5005,5005
5006,5006
5007,5007
5008,5008
5009,5009
5010,5010
5011,5011
5013,5013
5014,5014
5015,5015
5016,5016
5020,5020
5024,5024
5026,5026
5027,5027
5028,5028
5029,5029
5030,5030
5031,5031
5034,5034
5035,5035
5036,5036
5037,5037
5038,5038
5039,5039
5042,5042
5044,5044
5045,5045
5046,5046
5047,5047
5049,5049
5050,5050
5051,5051
5052,5052
5053,5053
5054,5054
5056,5056
5058,5058
5059,5059
5063,5063
5064,5064
5065,5065
5066,5066
5067,5067
5070,5070
5073,5073
5077,5077
5078,5078
5081,5081
5083,5083
5084,5084
5086,5086
5087,5087
5088,5088
5089,5089
5090,5090
5093,5093
5095,5095
5097,5097
5098,5098
5099,5099
5100,5100
5102,5102
5106,5106
5108,5108
5109,5109
5112,5112
5114,5114
5120,5120
5124,5124
5125,5125
5126,5126
5127,5127
5130,5130
5131,5131
5133,5133
5134,5134
5135,5135
5136,5136
5137,5137
5139,5139
5140,5140
5143,5143
5144,5144
5145,5145
5146,5146
5147,5147
5148,5148
5152,5152
5153,5153
5155,5155
5156,5156
5157,5157
5161,5161
5163,5163
5164,5164
5165,5165
5167,5167
5169,5169
5170,5170
5172,5172
5173,5173
5175,5175
5176,5176
5181,5181
5182,5182
5183,5183
5184,5184
5185,5185
5188,5188
5190,5190
5191,5191
5193,5193
5194,5194
5195,5195
5200,5200
5201,5201
5202,5202
5205,5205
5206,5206
5208,5208
5210,5210
5211,5211
5213,5213
5214,5214
5215,5215
5216,5216
5219,5219
5220,5220
5221,5221
5222,5222
5224,5224
5225,5225
5229,5229
5231,5231
5232,5232
5233,5233
5235,5235
5236,5236
5238,5238
5239,5239
5244,5244
5245,5245
5246,5246
5247,5247
5248,5248
5251,5251
5254,5254
5259,5259
5260,5260
5262,5262
5263,5263
5264,5264
5265,5265
5267,5267
5270,5270
5271,5271
5272,5272
5273,5273
5276,5276
5277,5277
5278,5278
5279,5279
5280,5280
5281,5281
5282,5282
5283,5283
5284,5284
5285,5285
5286,5286
5287,5287
5288,5288
5289,5289
5290,5290
5294,5294
5295,5295
5297,5297
5299,5299
5300,5300
5301,5301
5302,5302
5304,5304
5305,5305
5306,5306
5307,5307
5314,5314
5315,5315
5316,5316
5317,5317
5318,5318
5319,5319
5321,5321
5322,5322
5323,5323
5324,5324
5326,5326
5327,5327
5330,5330
5331,5331
5333,5333
5334,5334
5337,5337
5338,5338
5339,5339
5341,5341
5342,5342
5344,5344
5345,5345
5346,5346
5347,5347
5349,5349
5350,5350
5351,5351
5353,5353
5354,5354
5356,5356
5357,5357
5359,5359
5362,5362
5363,5363
5366,5366
5369,5369
5370,5370
5371,5371
5372,5372
5373,5373
5378,5378
5379,5379
5380,5380
5382,5382
5383,5383
5384,5384
5387,5387
5388,5388
5389,5389
5392,5392
5394,5394
5395,5395
5396,5396
5397,5397
5398,5398
5399,5399
5400,5400
5402,5402
5409,5409
5411,5411
5412,5412
5413,5413
5414,5414
5415,5415
5419,5419
5421,5421
5422,5422
5423,5423
5424,5424
5425,5425
5427,5427
5430,5430
5431,5431
5433,5433
5436,5436
5437,5437
5439,5439
5440,5440
5441,5441
5442,5442
5443,5443
5444,5444
5446,5446
5447,5447
5451,5451
5452,5452
5454,5454
5457,5457
5458,5458
5460,5460
5462,5462
5463,5463
5464,5464
5466,5466
5468,5468
5471,5471
5472,5472
5474,5474
5475,5475
5477,5477
5478,5478
5479,5479
5482,5482
5483,5483
5484,5484
5485,5485
5486,5486
5488,5488
5489,5489
5492,5492
5493,5493
5494,5494
5495,5495
5498,5498
5499,5499
5501,5501
5503,5503
5504,5504
5507,5507
5508,5508
5509,5509
5510,5510
5511,5511
5512,5512
5514,5514
5515,5515
5517,5517
5518,5518
5520,5520
5521,5521
5522,5522
5523,5523
5524,5524
5525,5525
5526,5526
5527,5527
5530,5530
5534,5534
5535,5535
5537,5537
5540,5540
5541,5541
5543,5543
5546,5546
5548,5548
5550,5550
5551,5551
5554,5554
5555,5555
5557,5557
5559,5559
5560,5560
5561,5561
5567,5567
5568,5568
5573,5573
5574,5574
5575,5575
5577,5577
5579,5579
5582,5582
5583,5583
5584,5584
5585,5585
5586,5586
5588,5588
5589,5589
5592,5592
5593,5593
5594,5594
5595,5595
5596,5596
5599,5599
5600,5600
5602,5602
5603,5603
5604,5604
5605,5605
5606,5606
5609,5609
5613,5613
5616,5616
5617,5617
5618,5618
5619,5619
5621,5621
5623,5623
5624,5624
5626,5626
5627,5627
5628,5628
5629,5629
5630,5630
5631,5631
5632,5632
5635,5635
5637,5637
5642,5642
5643,5643
5644,5644
5645,5645
5646,5646
5647,5647
5650,5650
5651,5651
5654,5654
5656,5656
5658,5658
5659,5659
5661,5661
5663,5663
5668,5668
5670,5670
5671,5671
5673,5673
5674,5674
5675,5675
5676,5676
5677,5677
5678,5678
5679,5679
5680,5680
5682,5682
5683,5683
5684,5684
5686,5686
5688,5688
5690,5690
5691,5691
5692,5692
5695,5695
5696,5696
5698,5698
5699,5699
5700,5700
5701,5701
5702,5702
5703,5703
5704,5704
5705,5705
5707,5707
5710,5710
5712,5712
5713,5713
5718,5718
5720,5720
5722,5722
5723,5723
5724,5724
5725,5725
5726,5726
5727,5727
5728,5728
5732,5732
5733,5733
5734,5734
5735,5735
5736,5736
5741,5741
5742,5742
5743,5743
5745,5745
5747,5747
5748,5748
5749,5749
5751,5751
5752,5752
5754,5754
5755,5755
5758,5758
5759,5759
5762,5762
5763,5763
5765,5765
5766,5766
5769,5769
5770,5770
5771,5771
5773,5773
5775,5775
5777,5777
5780,5780
5783,5783
5785,5785
5786,5786
5788,5788
5789,5789
5791,5791
5794,5794
5796,5796
5799,5799
5802,5802
5804,5804
5805,5805
5806,5806
5807,5807
5808,5808
5809,5809
5810,5810
5813,5813
5814,5814
5816,5816
5817,5817
5818,5818
5822,5822
5823,5823
5825,5825
5826,5826
5827,5827
5830,5830
5831,5831
5832,5832
5833,5833
5834,5834
5836,5836
5838,5838
5842,5842
5843,5843
5844,5844
5845,5845
5846,5846
5847,5847
5848,5848
5849,5849
5850,5850
5851,5851
5852,5852
5854,5854
5855,5855
5856,5856
5860,5860
5861,5861
5864,5864
5866,5866
5870,5870
5871,5871
5874,5874
5875,5875
5876,5876
5877,5877
5879,5879
5880,5880
5881,5881
5882,5882
5886,5886
5890,5890
5892,5892
5893,5893
5894,5894
5896,5896
5897,5897
5900,5900
5901,5901
5902,5902
5903,5903
5905,5905
5908,5908
5909,5909
5911,5911
5912,5912
5916,5916
5917,5917
5919,5919
5920,5920
5922,5922
5923,5923
5924,5924
5925,5925
5926,5926
5928,5928
5930,5930
5931,5931
5932,5932
5933,5933
5934,5934
5935,5935
5936,5936
5937,5937
5938,5938
5939,5939
5940,5940
5942,5942
5945,5945
5946,5946
5947,5947
5948,5948
5950,5950
5952,5952
5954,5954
5955,5955
5958,5958
5959,5959
5961,5961
5963,5963
5964,5964
5965,5965
5967,5967
5968,5968
5969,5969
5970,5970
5971,5971
5976,5976
5977,5977
5979,5979
5980,5980
5981,5981
5982,5982
5983,5983
5984,5984
5986,5986
5987,5987
5989,5989
5992,5992
5993,5993
5996,5996
5997,5997
5998,5998
5999,5999
7001,7001
7002,7002
7004,7004
7005,7005
7006,7006
7008,7008
7009,7009
7014,7014
7016,7016
7018,7018
7020,7020
7021,7021
7022,7022
7023,7023
7025,7025
7026,7026
7028,7028
7030,7030
7032,7032
7034,7034
7036,7036
7037,7037
7038,7038
7040,7040
7041,7041
7042,7042
7044,7044
7047,7047
7048,7048
7049,7049
7055,7055
7056,7056
7058,7058
7059,7059
7061,7061
7062,7062
7063,7063
7064,7064
7073,7073
7074,7074
7076,7076
7077,7077
7078,7078
7079,7079
7081,7081
7083,7083
7086,7086
7088,7088
7089,7089
7090,7090
7091,7091
7092,7092
7093,7093
7094,7094
7095,7095
7096,7096
7099,7099
7100,7100
7103,7103
7105,7105
7109,7109
7110,7110
7112,7112
7115,7115
7116,7116
7118,7118
7119,7119
7120,7120
7121,7121
7122,7122
7123,7123
7124,7124
7125,7125
7127,7127
7128,7128
7129,7129
7130,7130
7131,7131
7132,7132
7133,7133
7134,7134
7135,7135
7138,7138
7139,7139
7141,7141
7142,7142
7143,7143
7144,7144
7145,7145
7148,7148
7149,7149
7150,7150
7151,7151
7152,7152
7154,7154
7155,7155
7163,7163
7164,7164
7166,7166
7167,7167
7168,7168
7169,7169
7172,7172
7176,7176
7177,7177
7178,7178
7179,7179
7180,7180
7182,7182
7183,7183
7184,7184
7186,7186
7187,7187
7190,7190
7192,7192
7193,7193
7195,7195
7196,7196
7198,7198
7199,7199
7200,7200
7202,7202
7203,7203
7205,7205
7206,7206
7207,7207
7209,7209
7211,7211
7212,7212
7213,7213
7214,7214
7215,7215
7221,7221
7223,7223
7226,7226
7227,7227
7228,7228
7229,7229
7233,7233
7234,7234
7235,7235
7236,7236
7238,7238
7239,7239
7240,7240
7242,7242
7244,7244
7246,7246
7247,7247
7248,7248
7249,7249
7250,7250
7255,7255
7257,7257
7260,7260
7262,7262
7264,7264
7266,7266
7268,7268
7269,7269
7270,7270
7271,7271
7272,7272
7273,7273
7278,7278
7279,7279
7280,7280
7281,7281
7282,7282
7283,7283
7285,7285
7286,7286
7287,7287
7288,7288
7290,7290
7291,7291
7292,7292
7294,7294
7295,7295
7296,7296
7297,7297
7298,7298
7299,7299
7301,7301
7302,7302
7303,7303
7304,7304
7305,7305
7306,7306
7307,7307
7310,7310
7311,7311
7312,7312
7315,7315
7316,7316
7318,7318
7319,7319
7321,7321
7323,7323
7325,7325
7326,7326
7329,7329
7332,7332
7336,7336
7340,7340
7341,7341
7343,7343
7344,7344
7345,7345
7347,7347
7348,7348
7349,7349
7350,7350
7352,7352
7353,7353
7355,7355
7356,7356
7357,7357
7359,7359
7360,7360
7361,7361
7362,7362
7364,7364
7369,7369
7370,7370
7376,7376
7377,7377
7381,7381
7382,7382
7383,7383
7384,7384
7386,7386
7388,7388
7389,7389
7392,7392
7395,7395
7396,7396
7400,7400
7402,7402
7403,7403
7404,7404
7405,7405
7408,7408
7409,7409
7410,7410
7411,7411
7412,7412
7414,7414
7415,7415
7416,7416
7419,7419
7420,7420
7421,7421
7422,7422
7423,7423
7424,7424
7425,7425
7426,7426
7427,7427
7428,7428
7430,7430
7432,7432
7433,7433
7435,7435
7436,7436
7437,7437
7439,7439
7440,7440
7441,7441
7443,7443
7444,7444
7446,7446
7447,7447
7448,7448
7450,7450
7453,7453
7454,7454
7455,7455
7456,7456
7457,7457
7458,7458
7459,7459
7461,7461
7463,7463
7466,7466
7467,7467
7470,7470
7473,7473
7474,7474
7478,7478
7479,7479
7481,7481
7482,7482
7483,7483
7484,7484
7486,7486
7487,7487
7491,7491
7493,7493
7494,7494
7495,7495
7497,7497
7498,7498
7499,7499
7500,7500
7501,7501
7504,7504
7505,7505
7506,7506
7507,7507
7508,7508
7511,7511
7513,7513
7514,7514
7515,7515
7517,7517
7518,7518
7519,7519
7521,7521
7522,7522
7525,7525
7526,7526
7527,7527
7529,7529
7530,7530
7531,7531
7532,7532
7535,7535
7536,7536
7538,7538
7539,7539
7541,7541
7542,7542
7543,7543
7544,7544
7546,7546
7547,7547
7549,7549
7551,7551
7552,7552
7554,7554
7558,7558
7560,7560
7561,7561
7562,7562
7563,7563
7564,7564
7565,7565
7566,7566
7567,7567
7568,7568
7569,7569
7570,7570
7573,7573
7574,7574
7575,7575
7576,7576
7577,7577
7578,7578
7579,7579
7584,7584
7585,7585
7587,7587
7588,7588
7589,7589
7590,7590
7592,7592
7593,7593
7594,7594
7596,7596
7598,7598
7599,7599
7600,7600
7601,7601
7602,7602
7603,7603
7604,7604
7605,7605
7610,7610
7613,7613
7614,7614
7615,7615
7616,7616
7618,7618
7619,7619
7620,7620
7621,7621
7624,7624
7626,7626
7627,7627
7629,7629
7630,7630
7632,7632
7633,7633
7634,7634
7635,7635
7636,7636
7638,7638
7639,7639
7642,7642
7643,7643
7645,7645
7646,7646
7651,7651
7653,7653
7654,7654
7658,7658
7659,7659
7661,7661
7662,7662
7664,7664
7666,7666
7668,7668
7669,7669
7670,7670
7671,7671
7673,7673
7675,7675
7676,7676
7677,7677
7678,7678
7679,7679
7680,7680
7681,7681
7682,7682
7686,7686
7687,7687
7689,7689
7690,7690
7691,7691
7692,7692
7693,7693
7694,7694
7695,7695
7696,7696
7697,7697
7698,7698
7700,7700
7701,7701
7702,7702
7703,7703
7707,7707
7710,7710
7711,7711
7712,7712
7715,7715
7718,7718
7719,7719
7722,7722
7725,7725
7726,7726
7729,7729
7731,7731
7732,7732
7736,7736
7737,7737
7738,7738
7740,7740
7747,7747
7748,7748
7749,7749
7750,7750
7752,7752
7753,7753
7754,7754
7755,7755
7757,7757
7760,7760
7761,7761
7763,7763
7769,7769
7770,7770
7772,7772
7775,7775
7776,7776
7777,7777
7779,7779
7780,7780
7781,7781
7782,7782
7783,7783
7784,7784
7785,7785
7787,7787
7789,7789
7791,7791
7792,7792
7793,7793
7794,7794
7795,7795
7797,7797
7798,7798
7800,7800
7802,7802
7803,7803
7805,7805
7806,7806
7807,7807
7808,7808
7810,7810
7813,7813
7814,7814
7818,7818
7819,7819
7824,7824
7825,7825
7828,7828
7829,7829
7835,7835
7840,7840
7841,7841
7843,7843
7844,7844
7849,7849
7852,7852
7853,7853
7858,7858
7860,7860
7861,7861
7862,7862
7863,7863
7864,7864
7865,7865
7867,7867
7868,7868
7869,7869
7870,7870
7871,7871
7872,7872
7874,7874
7875,7875
7876,7876
7877,7877
7878,7878
7879,7879
7882,7882
7886,7886
7887,7887
7890,7890
7892,7892
7894,7894
7895,7895
7896,7896
7897,7897
7899,7899
7901,7901
7902,7902
7903,7903
7904,7904
7906,7906
7907,7907
7908,7908
7909,7909
7910,7910
7911,7911
7912,7912
7913,7913
7914,7914
7915,7915
7916,7916
7917,7917
7918,7918
7919,7919
7920,7920
7921,7921
7922,7922
7924,7924
7926,7926
7927,7927
7928,7928
7930,7930
7934,7934
7935,7935
7936,7936
7937,7937
7938,7938
7942,7942
7943,7943
7944,7944
7946,7946
7947,7947
7948,7948
7949,7949
7952,7952
7953,7953
7955,7955
7956,7956
7958,7958
7963,7963
7964,7964
7965,7965
7967,7967
7968,7968
7969,7969
7970,7970
7971,7971
7973,7973
7974,7974
7979,7979
7980,7980
7981,7981
7983,7983
7984,7984
7985,7985
7986,7986
7987,7987
7990,7990
7992,7992
7995,7995
7997,7997
9000,9000
9004,9004
9005,9005
9007,9007
9009,9009
9010,9010
9011,9011
9013,9013
9015,9015
9016,9016
9017,9017
9020,9020
9022,9022
9023,9023
9024,9024
9026,9026
9027,9027
9028,9028
9029,9029
9032,9032
9033,9033
9034,9034
9035,9035
9036,9036
9037,9037
9038,9038
9039,9039
9041,9041
9042,9042
9044,9044
9045,9045
9046,9046
9047,9047
9048,9048
9050,9050
9054,9054
9059,9059
9060,9060
9061,9061
9062,9062
9065,9065
9066,9066
9067,9067
9069,9069
9070,9070
9071,9071
9073,9073
9074,9074
9075,9075
9077,9077
9083,9083
9084,9084
9086,9086
9087,9087
9088,9088
9089,9089
9091,9091
9092,9092
9093,9093
9095,9095
9097,9097
9098,9098
9099,9099
9101,9101
9104,9104
9105,9105
9107,9107
9108,9108
9109,9109
9112,9112
9116,9116
9122,9122
9125,9125
9126,9126
9130,9130
9131,9131
9136,9136
9137,9137
9138,9138
9139,9139
9141,9141
9145,9145
9148,9148
9149,9149
9150,9150
9151,9151
9152,9152
9153,9153
9160,9160
9161,9161
9163,9163
9164,9164
9166,9166
9168,9168
9170,9170
9171,9171
9172,9172
9173,9173
9175,9175
9177,9177
9178,9178
9179,9179
9184,9184
9185,9185
9186,9186
9188,9188
9189,9189
9190,9190
9191,9191
9194,9194
9196,9196
9197,9197
9199,9199
9201,9201
9202,9202
9203,9203
9207,9207
9209,9209
9210,9210
9217,9217
9220,9220
9221,9221
9222,9222
9224,9224
9225,9225
9226,9226
9227,9227
9229,9229
9230,9230
9231,9231
9237,9237
9238,9238
9239,9239
9241,9241
9242,9242
9243,9243
9244,9244
9247,9247
9248,9248
9250,9250
9252,9252
9255,9255
9256,9256
9259,9259
9261,9261
9262,9262
9265,9265
9266,9266
9267,9267
9268,9268
9269,9269
9270,9270
9272,9272
9273,9273
9275,9275
9276,9276
9277,9277
9279,9279
9283,9283
9285,9285
9286,9286
9287,9287
9288,9288
9289,9289
9291,9291
9292,9292
9294,9294
9295,9295
9296,9296
9298,9298
9299,9299
9301,9301
9303,9303
9304,9304
9305,9305
9306,9306
9307,9307
9308,9308
9310,9310
9311,9311
9312,9312
9316,9316
9317,9317
9322,9322
9324,9324
9325,9325
9326,9326
9327,9327
9328,9328
9330,9330
9331,9331
9332,9332
9334,9334
9335,9335
9336,9336
9338,9338
9340,9340
9341,9341
9342,9342
9344,9344
9347,9347
9349,9349
9350,9350
9351,9351
9352,9352
9354,9354
9355,9355
9356,9356
9357,9357
9361,9361
9363,9363
9364,9364
9365,9365
9368,9368
9369,9369
9370,9370
9372,9372
9374,9374
9377,9377
9379,9379
9381,9381
9382,9382
9384,9384
9385,9385
9387,9387
9388,9388
9389,9389
9390,9390
9391,9391
9393,9393
9394,9394
9395,9395
9396,9396
9402,9402
9403,9403
9407,9407
9408,9408
9409,9409
9412,9412
9414,9414
9415,9415
9418,9418
9421,9421
9423,9423
9424,9424
9426,9426
9428,9428
9429,9429
9432,9432
9433,9433
9435,9435
9437,9437
9438,9438
9440,9440
9441,9441
9443,9443
9444,9444
9445,9445
9449,9449
9450,9450
9451,9451
9452,9452
9453,9453
9454,9454
9456,9456
9457,9457
9458,9458
9463,9463
9466,9466
9467,9467
9469,9469
9471,9471
9473,9473
9475,9475
9476,9476
9478,9478
9480,9480
9482,9482
9483,9483
9485,9485
9487,9487
9489,9489
9490,9490
9493,9493
9495,9495
9497,9497
9499,9499
9500,9500
9501,9501
9502,9502
9503,9503
9506,9506
9507,9507
9510,9510
9512,9512
9513,9513
9514,9514
9516,9516
9517,9517
9518,9518
9519,9519
9523,9523
9528,9528
9529,9529
9530,9530
9533,9533
9534,9534
9536,9536
9537,9537
9538,9538
9539,9539
9542,9542
9545,9545
9547,9547
9550,9550
9552,9552
9553,9553
9556,9556
9557,9557
9560,9560
9561,9561
9562,9562
9563,9563
9566,9566
9569,9569
9570,9570
9571,9571
9577,9577
9578,9578
9579,9579
9582,9582
9586,9586
9588,9588
9589,9589
9593,9593
9595,9595
9596,9596
9597,9597
9598,9598
9602,9602
9603,9603
9604,9604
9605,9605
9607,9607
9608,9608
9609,9609
9611,9611
9612,9612
9613,9613
9615,9615
9616,9616
9617,9617
9618,9618
9619,9619
9620,9620
9621,9621
9622,9622
9624,9624
9625,9625
9627,9627
9628,9628
9629,9629
9630,9630
9631,9631
9633,9633
9634,9634
9635,9635
9636,9636
9637,9637
9639,9639
9640,9640
9641,9641
9642,9642
9643,9643
9644,9644
9645,9645
9650,9650
9651,9651
9654,9654
9655,9655
9656,9656
9658,9658
9659,9659
9660,9660
9661,9661
9662,9662
9663,9663
9668,9668
9670,9670
9672,9672
9673,9673
9674,9674
9675,9675
9676,9676
9679,9679
9680,9680
9684,9684
9686,9686
9689,9689
9690,9690
9691,9691
9692,9692
9693,9693
9694,9694
9695,9695
9698,9698
9702,9702
9703,9703
9710,9710
9713,9713
9715,9715
9716,9716
9718,9718
9719,9719
9720,9720
9724,9724
9726,9726
9727,9727
9728,9728
9729,9729
9731,9731
9733,9733
9734,9734
9735,9735
9737,9737
9740,9740
9741,9741
9743,9743
9744,9744
9745,9745
9746,9746
9750,9750
9751,9751
9760,9760
9761,9761
9765,9765
9767,9767
9769,9769
9771,9771
9773,9773
9774,9774
9778,9778
9779,9779
9781,9781
9783,9783
9784,9784
9786,9786
9787,9787
9789,9789
9790,9790
9791,9791
9792,9792
9793,9793
9794,9794
9796,9796
9799,9799
9800,9800
9802,9802
9804,9804
9805,9805
9806,9806
9811,9811
9814,9814
9815,9815
9816,9816
9817,9817
9820,9820
9821,9821
9822,9822
9823,9823
9827,9827
9828,9828
9830,9830
9831,9831
9832,9832
9833,9833
9834,9834
9835,9835
9836,9836
9840,9840
9841,9841
9842,9842
9844,9844
9845,9845
9846,9846
9847,9847
9848,9848
9849,9849
9851,9851
9853,9853
9854,9854
9856,9856
9858,9858
9859,9859
9862,9862
9864,9864
9865,9865
9867,9867
9869,9869
9870,9870
9873,9873
9875,9875
9876,9876
9878,9878
9882,9882
9884,9884
9886,9886
9887,9887
9888,9888
9890,9890
9892,9892
9893,9893
9895,9895
9897,9897
9898,9898
9901,9901
9903,9903
9905,9905
9908,9908
9909,9909
9912,9912
9913,9913
9914,9914
9915,9915
9916,9916
9917,9917
9921,9921
9922,9922
9925,9925
9927,9927
9930,9930
9931,9931
9932,9932
9933,9933
9936,9936
9940,9940
9942,9942
9944,9944
9945,9945
9946,9946
9947,9947
9951,9951
9952,9952
9953,9953
9954,9954
9958,9958
9963,9963
9964,9964
9966,9966
9967,9967
9968,9968
9975,9975
9976,9976
9977,9977
9981,9981
9984,9984
9985,9985
9987,9987
9991,9991
9992,9992
9994,9994
9998,9998
